T,Tau,Rel_MSE
240,0.05,1.9228955735532598
240,0.2,1.0963997856547711
240,0.35,1.2041287230112099
240,0.5,1.3535875215525046
240,0.65,1.408631497785383
240,0.8,1.8551066977460255
240,0.95,0.6804110979894308
600,0.05,0.5752797409651433
600,0.2,0.851151564809414
600,0.35,0.8990117292910667
600,0.5,1.525080605372886
600,0.65,1.7596289735187094
600,0.8,1.9479423167808327
600,0.95,0.6279746221509119
