p0,T,Iter,BIC_Rel_MSE,Joint_BMA_Rel_MSE
4,240,0,6.160909374396348,4.949817032476956
4,240,1,0.7661559303519873,0.3330654232375213
4,600,0,1.0229204624008226,1.4728050715105119
4,600,1,3.4045461486482425,3.0717884635681174
10,240,0,1.9704595510232565,1.2669217557742947
10,240,1,0.5318027878853813,0.3363339180547513
10,600,0,0.7543937604743143,1.2966729681391063
10,600,1,0.7569007056070803,1.6397524400951249
