T,Tau,Rel_MSE
96,0.05,1.1915462910195596
96,0.2,1.2963128683879435
96,0.35,0.9262299834322694
96,0.5,1.1408232994292151
96,0.65,1.1666121214743679
96,0.8,1.8978026181816643
96,0.95,1.3928167967567762
480,0.05,0.5987394032246764
480,0.2,0.38718206463864696
480,0.35,0.3313695554722981
480,0.5,0.5143177824805383
480,0.65,0.19211348860859137
480,0.8,0.39823140983914695
480,0.95,0.09704418873191557
