Tau,MDD
0.05,-6483.137297482726
0.2,-6279.954136712226
0.35,-6293.984873644107
0.5,-6324.995018261908
0.65,-6357.107882507553
0.8,-6387.428909382256
0.95,-6415.438601729034
