T,Tau,Rel_MSE
240,0.05,0.7228841086754206
240,0.2,0.3260335679618305
240,0.35,0.6538910351007832
240,0.5,0.2750004453554849
240,0.65,0.21332716478902808
240,0.8,1.0235177365746069
240,0.95,1.2811786925374766
600,0.05,2.4029827356389393
600,0.2,0.9084422537998538
600,0.35,0.8906261759436286
600,0.5,1.8091487337132819
600,0.65,0.47569349101963726
600,0.8,0.7110801910691665
600,0.95,1.129209570704543
