T,Tau,Rel_MSE
480,0.05,1.5823817901069668
480,0.2,0.7958387736489418
480,0.35,0.9598202607252722
480,0.5,1.0219536501358923
480,0.65,2.3070398726146624
480,0.8,1.4245920265034782
480,0.95,1.5167307232030278
