T,Tau,Rel_MSE
96,0.05,1.0071867437664368
96,0.2,0.8504666070161061
96,0.35,0.8631894032214318
96,0.5,0.814113698840232
96,0.65,0.8629935697658406
96,0.8,0.9206974322036456
96,0.95,0.8182805025940152
480,0.05,1.2741261644193296
480,0.2,0.9610164995653021
480,0.35,1.0259134721872343
480,0.5,1.0739861411088687
480,0.65,0.9678830923890331
480,0.8,0.9590764615467532
480,0.95,1.0103240884749514
